{
  "evaluated_at": "2026-07-11T21:20:16.299850+00:00",
  "weights": "D:\\Year4\\Project Thesis\\Expert System\\Project\\CamTraffic\\ai\\weights\\best_combined.pt",
  "map50": 0.4131971539937015,
  "map50_95": 0.3157590149703704,
  "per_class": {
    "NO_ENTRY": {
      "ap50": 0.5800000000000001,
      "precision": 0.42564362683344326,
      "recall": 0.7423145204377886,
      "f1": 0.5410492584318496
    },
    "NO_LEFT_TURN": {
      "ap50": 0.16583333333333333,
      "precision": 0.16456560140565635,
      "recall": 1.0,
      "f1": 0.2826214361939285
    },
    "NO_RIGHT_TURN": {
      "ap50": 0.2713636363636364,
      "precision": 0.20361462193785196,
      "recall": 0.6666666666666666,
      "f1": 0.3119521999825207
    },
    "NO_U_TURN": {
      "ap50": 0.4975,
      "precision": 0.07423235813839742,
      "recall": 1.0,
      "f1": 0.13820540328358602
    },
    "NO_PARKING": {
      "ap50": 0.2842857142857142,
      "precision": 0.12073340273112798,
      "recall": 1.0,
      "f1": 0.21545427741675474
    },
    "M_STOP": {
      "ap50": 0.1809090909090909,
      "precision": 1.0,
      "recall": 0.0,
      "f1": 0.0
    },
    "P_SPEED_LIMIT_20_KM_H": {
      "ap50": 0.47392857142857137,
      "precision": 0.37648208879776257,
      "recall": 1.0,
      "f1": 0.547020686809789
    },
    "P_SPEED_LIMIT_50_KM_H": {
      "ap50": 0.8283333333333331,
      "precision": 0.6447367542835414,
      "recall": 1.0,
      "f1": 0.7839999350709386
    },
    "W_PEDESTRIAN_CROSSING": {
      "ap50": 0.995,
      "precision": 0.07118326743556146,
      "recall": 1.0,
      "f1": 0.13290586139564317
    },
    "I_ONE_WAY_TRAFFIC": {
      "ap50": 0.16583333333333333,
      "precision": 0.0,
      "recall": 0.0,
      "f1": null
    },
    "sedan": {
      "ap50": 0.4587627510909276,
      "precision": 0.36833785307960215,
      "recall": 0.6235294117647059,
      "f1": 0.46310528233321596
    },
    "suv": {
      "ap50": 0.5798411987333932,
      "precision": 0.29064260924526775,
      "recall": 0.7727272727272727,
      "f1": 0.42240705626122615
    },
    "pickup": {
      "ap50": 0.15003974231198303,
      "precision": 0.1509978112611064,
      "recall": 0.3770491803278688,
      "f1": 0.21563838777295324
    },
    "motorcycle": {
      "ap50": 0.24055905801234523,
      "precision": 0.1849971346806169,
      "recall": 0.5333333333333333,
      "f1": 0.27470681779409895
    },
    "scooter": {
      "ap50": 0.07501986421819065,
      "precision": 0.08322905702260716,
      "recall": 0.29612022999661264,
      "f1": 0.12993728129341092
    },
    "bus": {
      "ap50": 0.9543809463623668,
      "precision": 0.660870102311755,
      "recall": 0.9885057471264368,
      "f1": 0.7921467923296238
    },
    "truck": {
      "ap50": 0.12276104417670684,
      "precision": 0.10622208267487303,
      "recall": 0.3333333333333333,
      "f1": 0.16110533326229473
    }
  }
}