{
  "per_class": {
    "NO_ENTRY": {
      "ap50": 0.995,
      "precision": 1.0,
      "recall": 0.0,
      "f1": 0.0
    },
    "NO_LEFT_TURN": {
      "ap50": 0.21531862745098038,
      "precision": 1.0,
      "recall": 0.0,
      "f1": 0.0
    },
    "NO_RIGHT_TURN": {
      "ap50": 0.995,
      "precision": 1.0,
      "recall": 0.0,
      "f1": 0.0
    },
    "NO_U_TURN": {
      "ap50": 0.995,
      "precision": 1.0,
      "recall": 0.0,
      "f1": 0.0
    },
    "NO_PARKING": {
      "ap50": 0.995,
      "precision": 1.0,
      "recall": 0.0,
      "f1": 0.0
    },
    "M_STOP": {
      "ap50": 0.995,
      "precision": 0.638218375409592,
      "recall": 1.0,
      "f1": 0.7791615391324406
    },
    "P_SPEED_LIMIT_20_KM_H": {
      "ap50": 0.995,
      "precision": 1.0,
      "recall": 0.0,
      "f1": 0.0
    },
    "P_SPEED_LIMIT_50_KM_H": {
      "ap50": 0.995,
      "precision": 1.0,
      "recall": 0.7664472323226694,
      "f1": 0.8677838978692637
    },
    "W_PEDESTRIAN_CROSSING": {
      "ap50": 0.995,
      "precision": 1.0,
      "recall": 0.0,
      "f1": 0.0
    }
  },
  "evaluated_at": "2026-07-11T21:20:05.158473+00:00",
  "weights": "D:\\Year4\\Project Thesis\\Expert System\\Project\\CamTraffic\\ai\\weights\\best_v2.pt",
  "map50": 0.9083687363834421,
  "map50_95": 0.7956495098039216,
  "precision": 0.9598020417121769,
  "recall": 0.1962719147025188
}